{
    "name": "Soulsnatch",
    "hidden": true,
    "type": "origins:resource",
    "min": 0,
    "max": 1000,
    "start_value": 60,
    "hud_render": {
        "should_render": true,
        "sprite_location": "origins:textures/gui/community/huang/resource_bar_01.png",
        "bar_index": 17
    },
    "min_action": {
        "type": "origins:and",
        "actions": [
            {
                "type": "origins:execute_command",
                "command": "origin set @s origins:origin hellsgate:demons/demon"
            },
            {
                "type": "origins:play_sound",
                "sound": "block.note_block.imitate.wither_skeleton",
                "volume": 5,
                "pitch": 0
            }
        ]
    }
}