{
    "name": "Realm's Renown",
    "description": "[45 Authority] The weight of the crown is not a light burden.",
    "type": "origins:multiple",
    "key0": {
        "type": "origins:resource",
        "min": 0,
        "max": 45,
        "start_value": 0,
        "hud_render": {
            "should_render": true,
            "sprite_location": "origins:textures/gui/community/huang/resource_bar_01.png",
            "bar_index": 5
        }
    },
    "key1": {
        "type": "origins:action_over_time",
        "interval": 10,
        "entity_action": {
            "type": "origins:modify_resource",
            "resource": "hellsgate:pro/devil/contract/authority/archfiend_key0",
            "modifier": {
                "operation": "set_total",
                "value": 0,
                "resource": "hellsgate:pro/devil/contract/authority/true_authority"
            }
        }
    }
}