{
    "name": "Evolve",
    "hidden": true,
    "type": "origins:action_on_callback",
    "execute_chosen_when_orb": true,
    "entity_action_added": {
        "type": "origins:execute_command",
        "command": "give @s written_book{pages:['[[\"This book will explore the two evolution paths you may take.\\\\n\\\\nChoose wisely, you may not get a second chance.\\\\n\\\\n[Primary] and [Secondary] refer to the origin controls.\\\\n\\\\nYou may evolve after you return home.\"]]','[[\"Imp [Primary]\\\\n\\\\nWeaker demonic creatures that spend their days making deals.\\\\n\\\\nThey cannot be shielded by armor; however, the souls they bind give them authority. Their contracts give strength, for a price.\"]]','[[\"Wretch [Secondary]\\\\n\\\\nCarnivorous creatures that get stronger in every aspect the more they slaughter, their extreme hunger sated by meat and violence.\\\\n\\\\nThey have a soul fueled rage that overwhelms opponents.\"]]','[[\"Simple breakdown:\\\\nImp - \\\\nMakes deals with players to evolve. Lowered attack damage, health, and armor set to 0 permanently. Can teleport to contracted souls and are protected from them killing you directly.\"]]','[[\"Wretch -\\\\nEvolves through collecting villager souls. Each stage gives more and more combat benefits. Carnivore, extreme hunger, gains a food steal. Large self buff skill later that gives numerous combat related positive effects, though costs souls.\"]]'],title:\"Guide to Evolution\",author:\"The First\",generation:0}"
    }
}