{
    "name": "Revoke Contract",
    "description": "[ Secondary ] To revoke nearby contracts.\n[ Shift + Secondary ] Press repeatedly to revoke all current contracts. ",
    "type": "origins:multiple",
    "key0": {
        "condition": {
            "inverted": true,
            "type": "origins:sneaking"
        },
        "type": "origins:active_self",
        "entity_action": {
            "type": "origins:and",
            "actions": [
                {
                    "type": "origins:execute_command",
                    "command": "function hellsgate:contracts/revoke_contract"
                },
                {
                    "type": "origins:play_sound",
                    "sound": "block.bell.resonate",
                    "volume": 5,
                    "pitch": 0
                }
            ]
        },
        "cooldown": 30,
        "key": {
            "key": "key.loadToolbarActivator"
        }
    },
    "u_sure_bro": {
        "condition": {
            "type": "origins:sneaking"
        },
        "type": "origins:active_self",
        "entity_action": {
            "type": "origins:and",
            "actions": [
                {
                    "type": "origins:modify_resource",
                    "resource": "hellsgate:pro/devil/contract/revoke_mass_revoke",
                    "modifier": {
                        "operation": "addition",
                        "value": 1
                    }
                },
                {
                    "type": "origins:execute_command",
                    "command": "title @s actionbar {\"bold\":true,\"color\":\"gold\",\"text\":\"[ Are you sure you want to revoke all contracts? ]\",\"underlined\":true}"
                },
                {
                    "type": "origins:play_sound",
                    "sound": "entity.ghast.hurt",
                    "volume": 5,
                    "pitch": 0
                }
            ]
        },
        "cooldown": 40,
        "key": {
            "key": "key.loadToolbarActivator"
        }
    },
    "mass_revoke": {
        "type": "origins:resource",
        "min": 0,
        "max": 2,
        "start_value": 0,
        "max_action": {
            "type": "origins:and",
            "actions": [
                {
                    "type": "origins:execute_command",
                    "command": "function hellsgate:contracts/mass_revoke_contract"
                },
                {
                    "type": "origins:play_sound",
                    "sound": "block.bell.resonate",
                    "volume": 5,
                    "pitch": 0
                },
                {
                    "type": "origins:modify_resource",
                    "resource": "hellsgate:pro/devil/contract/revoke_mass_revoke",
                    "modifier": {
                        "operation": "set_total",
                        "value": 0
                    }
                }
            ]
        }
    },
    "key3": {
        "type": "origins:action_over_time",
        "interval": 80,
        "entity_action": {
            "type": "origins:change_resource",
            "resource": "hellsgate:pro/devil/contract/revoke_mass_revoke",
            "change": 0,
            "operation": "set"
        }
    }
}