{
    "name": "Surge",
    "description": "Restore a portion of your subject's soul so that they may fight harder for you.",
    "type": "origins:active_self",
    "entity_action": {
        "type": "origins:and",
        "actions": [
            {
                "type": "origins:execute_command",
                "command": "execute as @a[tag=contracted] if score @s contract_id = @a[tag=contractor,distance=..20,limit=1] contractor_id run effect give @s minecraft:regeneration 20 1 true"
            },
            {
                "type": "origins:execute_command",
                "command": "execute as @a[tag=contracted] if score @s contract_id = @a[tag=contractor,distance=..20,limit=1] contractor_id run effect give @s minecraft:resistance 20 0 true"
            },
            {
                "type": "origins:spawn_particles",
                "particle": "minecraft:flash",
                "count": 1000,
                "speed": 1,
                "force": true,
                "spread": {
                    "x": 10,
                    "y": 6,
                    "z": 10
                }
            },
            {
                "type": "origins:play_sound",
                "sound": "item.totem.use",
                "volume": 5,
                "pitch": 0
            }
        ]
    },
    "cooldown": 2400,
    "hud_render": {
        "should_render": true,
        "sprite_location": "origins:textures/gui/community/spiderkolo/resource_bar_02.png",
        "bar_index": 12
    },
    "key": {
        "key": "key.saveToolbarActivator"
    }
}