{
    "name": "Soulsnatch",
    "description": "Killing a villager will grant you its soul.",
    "type": "origins:self_action_on_kill",
    "target_condition": {
        "type": "origins:entity_type",
        "entity_type": "minecraft:villager"
    },
    "entity_action": {
        "type": "origins:and",
        "actions": [
            {
                "type": "origins:modify_resource",
                "resource": "hellsgate:pro/demon/buff/soulsnatch/wretch",
                "modifier": {
                    "operation": "addition",
                    "value": 1
                }
            },
            {
                "type": "origins:modify_resource",
                "resource": "hellsgate:pro/demon/buff/soulsnatch/scourge",
                "modifier": {
                    "operation": "addition",
                    "value": 1
                }
            },
            {
                "type": "origins:modify_resource",
                "resource": "hellsgate:pro/demon/buff/soulsnatch/rot",
                "modifier": {
                    "operation": "addition",
                    "value": 1
                }
            },
            {
                "type": "origins:modify_resource",
                "resource": "hellsgate:pro/demon/buff/soulsnatch/demon",
                "modifier": {
                    "operation": "addition",
                    "value": 1
                }
            },
            {
                "type": "origins:modify_resource",
                "resource": "hellsgate:pro/demon/buff/soulsnatch/primordial",
                "modifier": {
                    "operation": "addition",
                    "value": 1
                }
            }
        ]
    },
    "cooldown": 1
}