{
    "name": "Ritual Magic",
    "description": "[ Secondary ] Teleport to your contractees.\n[ Shift + Secondary ] Teleport your contractees to you.",
    "type": "origins:multiple",
    "teleport": {
        "condition": {
            "inverted": true,
            "type": "origins:sneaking"
        },
        "type": "origins:active_self",
        "entity_action": {
            "type": "origins:and",
            "actions": [
                {
                    "type": "origins:execute_command",
                    "command": "function hellsgate:rituals/teleport"
                },
                {
                    "type": "origins:spawn_particles",
                    "particle": "soul_fire_flame",
                    "count": 100,
                    "speed": 0.21
                },
                {
                    "type": "origins:play_sound",
                    "sound": "entity.lightning_bolt.impact",
                    "volume": 2.5,
                    "pitch": 0
                }
            ]
        },
        "cooldown": 40,
        "key": {
            "key": "key.origins.secondary_active"
        }
    },
    "summon": {
        "condition": {
            "type": "origins:sneaking"
        },
        "type": "origins:active_self",
        "entity_action": {
            "type": "origins:and",
            "actions": [
                {
                    "type": "origins:execute_command",
                    "command": "function hellsgate:rituals/summon"
                },
                {
                    "type": "origins:spawn_particles",
                    "particle": "soul_fire_flame",
                    "count": 500,
                    "speed": 0.21,
                    "spread": {
                        "x": 2.5,
                        "y": 2,
                        "z": 2.5
                    }
                },
                {
                    "type": "origins:play_sound",
                    "sound": "entity.lightning_bolt.thunder",
                    "volume": 5,
                    "pitch": 0
                }
            ]
        },
        "cooldown": 1200,
        "hud_render": {
            "should_render": true,
            "sprite_location": "origins:textures/gui/community/spiderkolo/resource_bar_02.png",
            "bar_index": 15
        },
        "key": {
            "key": "key.origins.secondary_active"
        }
    }
}