{
    "name": "Soul Armor",
    "description": "The souls you collect shield you from harm.",
    "type": "origins:multiple",
    "key0": {
        "type": "origins:modify_attribute",
        "attribute": "additionalentityattributes:magic_protection",
        "modifier": {
            "operation": "addition",
            "value": 0,
            "resource": "hellsgate:pro/devil/contract/grants/total_souls"
        }
    },
    "key1": {
        "type": "origins:modify_attribute",
        "attribute": "generic.max_health",
        "modifier": {
            "operation": "addition",
            "value": 0,
            "resource": "hellsgate:pro/devil/contract/grants/total_souls"
        }
    }
}