{
    "name": "Cooldown",
    "hidden": true,
    "type": "origins:action_over_time",
    "interval": 200,
    "entity_action": {
        "type": "origins:and",
        "actions": [
            {
                "type": "origins:execute_command",
                "command": "power remove @s hellsgate:mixed/contracted/cooldown"
            },
            {
                "type": "origins:execute_command",
                "command": "scoreboard players set @s contract_tp_cd 0"
            }
        ]
    }
}