{
    "name": "Tier 3 Contract",
    "hidden": true,
    "type": "origins:multiple",
    "health": {
        "type": "origins:modify_attribute",
        "attribute": "generic.max_health",
        "modifier": {
            "operation": "multiply_total",
            "value": 0.15
        }
    },
    "armor": {
        "type": "origins:modify_attribute",
        "attribute": "generic.armor",
        "modifier": {
            "operation": "multiply_total",
            "value": 0.15
        }
    },
    "damage": {
        "type": "origins:modify_attribute",
        "attribute": "generic.attack_damage",
        "modifier": {
            "operation": "multiply_total",
            "value": 0.1
        }
    },
    "smite": {
        "type": "origins:modify_damage_taken",
        "damage_condition": {
            "type": "origins:attacker",
            "entity_condition": {
                "type": "origins:enchantment",
                "enchantment": "minecraft:smite",
                "calculation": "sum",
                "comparison": ">",
                "compare_to": 0
            }
        },
        "modifier": {
            "operation": "add_base_early",
            "value": 5
        }
    },
    "fire": {
        "type": "origins:fire_immunity"
    },
    "heat_resist": {
        "type": "origins:attribute",
        "modifier": {
            "attribute": "thermoo:generic.min_temperature",
            "operation": "multiply_total",
            "value": -1
        },
        "update_health": true
    }
}