{
    "name": "Tier 2 Contract",
    "hidden": true,
    "type": "origins:multiple",
    "health": {
        "type": "origins:modify_attribute",
        "attribute": "generic.max_health",
        "modifier": {
            "operation": "multiply_total",
            "value": 0.1
        }
    },
    "armor": {
        "type": "origins:modify_attribute",
        "attribute": "generic.armor",
        "modifier": {
            "operation": "multiply_total",
            "value": 0.1
        }
    },
    "damage": {
        "type": "origins:modify_attribute",
        "attribute": "generic.attack_damage",
        "modifier": {
            "operation": "multiply_total",
            "value": 0.05
        }
    }
}