{
    "name": "Tier 5 Contract",
    "hidden": true,
    "type": "origins:multiple",
    "health": {
        "type": "origins:modify_attribute",
        "attribute": "generic.max_health",
        "modifier": {
            "operation": "multiply_total",
            "value": 0.2
        }
    },
    "armor": {
        "type": "origins:modify_attribute",
        "attribute": "generic.armor",
        "modifier": {
            "operation": "multiply_total",
            "value": 0.2
        }
    },
    "damage": {
        "type": "origins:modify_attribute",
        "attribute": "generic.attack_damage",
        "modifier": {
            "operation": "multiply_total",
            "value": 0.15
        }
    },
    "smite": {
        "type": "origins:modify_damage_taken",
        "damage_condition": {
            "type": "origins:attacker",
            "entity_condition": {
                "type": "origins:enchantment",
                "enchantment": "minecraft:smite",
                "calculation": "sum",
                "comparison": ">",
                "compare_to": 0
            }
        },
        "modifier": {
            "operation": "add_base_early",
            "value": 5
        }
    },
    "fire": {
        "type": "origins:fire_immunity"
    },
    "vision": {
        "type": "origins:night_vision",
        "strength": 1
    },
    "nether": {
        "condition": {
            "type": "origins:dimension",
            "dimension": "minecraft:the_nether"
        },
        "type": "origins:stacking_status_effect",
        "min_stacks": 1,
        "max_stacks": 2,
        "duration_per_stack": 100,
        "tick_rate": 10,
        "effect": {
            "effect": "minecraft:strength",
            "duration": 100,
            "amplifier": 0,
            "show_particles": false,
            "show_icon": false
        },
        "effects": [
            {
                "effect": "minecraft:haste",
                "duration": 100,
                "amplifier": 1,
                "show_particles": false,
                "show_icon": false
            }
        ]
    },
    "heat_resist": {
        "type": "origins:attribute",
        "modifier": {
            "attribute": "thermoo:generic.min_temperature",
            "operation": "multiply_total",
            "value": -1
        },
        "update_health": true
    }
}