{
    "name": "Corrupted",
    "description": "Due to the demonic influences flowing through you, smite causes extra damage to you.",
    "type": "origins:modify_damage_taken",
    "damage_condition": {
        "type": "origins:attacker",
        "entity_condition": {
            "type": "origins:enchantment",
            "enchantment": "minecraft:smite",
            "calculation": "sum",
            "comparison": ">=",
            "compare_to": 0
        }
    },
    "modifier": {
        "operation": "add_base_early",
        "value": 5
    }
}