{
    "name": "Hydrophobic",
    "description": "Demonic creatures don't mix well with water.",
    "condition": {
        "type": "origins:or",
        "conditions": [
            {
                "type": "origins:submerged_in",
                "fluid": "minecraft:water"
            },
            {
                "type": "origins:in_rain"
            }
        ]
    },
    "type": "origins:damage_over_time",
    "interval": 10,
    "onset_delay": 20,
    "damage": 1,
    "damage_type": "freeze",
    "protection_enchantment": "origins:water_protection",
    "protection_effectiveness": 1
}