{
    "name": "Hellspawn",
    "description": "A newly born hellspawn that, through a mishap, ended up in the overworld.",
    "powers": [
        "hellsgate:pro/shell",
        "hellsgate:pro/hell_forged",
        "hellsgate:pro/fiery_blood",
        "hellsgate:mixed/newly_born",
        "hellsgate:mixed/prey",
        "hellsgate:con/hydrophobic",
        "hellsgate:con/fragile",
        "hellsgate:con/growing",
        "hellsgate:con/corrupted",
        "hellsgate:evolve/evo_guide",
        "hellsgate:evolve/evolve_imp",
        "hellsgate:evolve/evolve_wretch"
    ],
    "icon": {
        "item": "minecraft:enderman_spawn_egg",
        "amount": 1
    },
    "order": 10,
    "impact": 2
}