{
    "name": "Newly Born",
    "description": "Your egg didn't give you the space to fully grow so you're only half a block tall.",
    "type": "origins:action_on_callback",
    "execute_chosen_when_orb": true,
    "entity_action_gained": {
        "type": "origins:and",
        "actions": [
            {
                "type": "origins:execute_command",
                "command": "scale set pehkui:height 0.25"
            },
            {
                "type": "origins:execute_command",
                "command": "scale set pehkui:width 0.25"
            }
        ]
    },
    "entity_action_lost": {
        "type": "origins:execute_command",
        "command": "scale reset"
    },
    "entity_action_added": {
        "type": "origins:and",
        "actions": [
            {
                "type": "origins:execute_command",
                "command": "scale set pehkui:height 0.25"
            },
            {
                "type": "origins:execute_command",
                "command": "scale set pehkui:width 0.25"
            }
        ]
    },
    "entity_action_respawned": {
        "type": "origins:and",
        "actions": [
            {
                "type": "origins:execute_command",
                "command": "scale set pehkui:height 0.25"
            },
            {
                "type": "origins:execute_command",
                "command": "scale set pehkui:width 0.25"
            }
        ]
    }
}