{
    "name": "Prey",
    "description": "Your small frame makes you weak, but fast.",
    "type": "origins:stacking_status_effect",
    "min_stacks": 1,
    "max_stacks": 1,
    "duration_per_stack": 100,
    "tick_rate": 10,
    "effect": {
        "effect": "minecraft:weakness",
        "duration": 100,
        "amplifier": 0,
        "show_particles": false,
        "show_icon": false
    },
    "effects": [
        {
            "effect": "minecraft:speed",
            "duration": 100,
            "amplifier": 1,
            "show_particles": false,
            "show_icon": false
        }
    ]
}