{
    "name": "Title bars",
    "hidden": true,
    "type": "origins:multiple",
    "key0": {
        "condition": {
            "type": "origins:and",
            "conditions": [
                {
                    "type": "origins:sneaking"
                },
                {
                    "type": "origins:resource",
                    "resource": "hellsgate:pro/devil/contract/propose/tier_3_tier_cycle",
                    "comparison": "==",
                    "compare_to": 3
                }
            ]
        },
        "type": "origins:active_self",
        "entity_action": {
            "type": "origins:execute_command",
            "command": "title @s actionbar {\"bold\":true,\"color\":\"dark_red\",\"text\":\"[Tier 1 Contract]\"}"
        },
        "cooldown": 5,
        "key": {
            "key": "key.origins.primary_active"
        }
    },
    "key1": {
        "condition": {
            "type": "origins:and",
            "conditions": [
                {
                    "type": "origins:sneaking"
                },
                {
                    "type": "origins:resource",
                    "resource": "hellsgate:pro/devil/contract/propose/tier_3_tier_cycle",
                    "comparison": "==",
                    "compare_to": 1
                }
            ]
        },
        "type": "origins:active_self",
        "entity_action": {
            "type": "origins:execute_command",
            "command": "title @s actionbar {\"bold\":true,\"color\":\"dark_red\",\"text\":\"[Tier 2 Contract]\"}"
        },
        "cooldown": 5,
        "key": {
            "key": "key.origins.primary_active"
        }
    },
    "key2": {
        "condition": {
            "type": "origins:and",
            "conditions": [
                {
                    "type": "origins:sneaking"
                },
                {
                    "type": "origins:resource",
                    "resource": "hellsgate:pro/devil/contract/propose/tier_3_tier_cycle",
                    "comparison": "==",
                    "compare_to": 2
                }
            ]
        },
        "type": "origins:active_self",
        "entity_action": {
            "type": "origins:execute_command",
            "command": "title @s actionbar {\"bold\":true,\"color\":\"dark_red\",\"text\":\"[Tier 3 Contract]\"}"
        },
        "cooldown": 5,
        "key": {
            "key": "key.origins.primary_active"
        }
    }
}