{
    "name": "Archfiend Evolve",
    "hidden": true,
    "condition": {
        "type": "origins:resource",
        "resource": "hellsgate:pro/devil/contract/grants/total_souls",
        "comparison": ">=",
        "compare_to": 25
    },
    "type": "origins:action_over_time",
    "interval": 20,
    "entity_action": {
        "type": "origins:and",
        "actions": [
            {
                "type": "origins:execute_command",
                "command": "origin set @s origins:origin hellsgate:devils/infernal_sovereign"
            },
            {
                "type": "origins:play_sound",
                "sound": "ui.toast.challenge_complete",
                "volume": 5,
                "pitch": 0
            }
        ]
    }
}