{
    "name": "Contractual Rule",
    "description": "[ Primary ] To make a contract\n[ Shift + Primary ] To cycle",
    "type": "origins:multiple",
    "cycle_contract": {
        "condition": {
            "type": "origins:sneaking"
        },
        "type": "origins:active_self",
        "entity_action": {
            "type": "origins:modify_resource",
            "resource": "hellsgate:pro/devil/contract/propose/tier_4_tier_cycle",
            "modifier": {
                "operation": "addition",
                "value": 1
            }
        },
        "cooldown": 5,
        "key": {
            "key": "key.origins.primary_active"
        }
    },
    "tier_cycle": {
        "type": "origins:resource",
        "min": 1,
        "max": 5,
        "start_value": 1,
        "max_action": {
            "type": "origins:modify_resource",
            "resource": "hellsgate:pro/devil/contract/propose/tier_4_tier_cycle",
            "modifier": {
                "operation": "set_total",
                "value": 1
            }
        }
    },
    "tier_4": {
        "condition": {
            "type": "origins:and",
            "conditions": [
                {
                    "inverted": true,
                    "type": "origins:sneaking"
                },
                {
                    "type": "origins:resource",
                    "resource": "hellsgate:pro/devil/contract/propose/tier_4_tier_cycle",
                    "comparison": "==",
                    "compare_to": 4
                },
                {
                    "type": "origins:resource",
                    "resource": "hellsgate:pro/devil/contract/authority/archfiend",
                    "comparison": "<=",
                    "compare_to": 41
                }
            ]
        },
        "type": "origins:active_self",
        "entity_action": {
            "type": "origins:execute_command",
            "command": "function hellsgate:contracts/propose/tier_4"
        },
        "cooldown": 60,
        "key": {
            "key": "key.origins.primary_active"
        }
    },
    "tier_3": {
        "condition": {
            "type": "origins:and",
            "conditions": [
                {
                    "inverted": true,
                    "type": "origins:sneaking"
                },
                {
                    "type": "origins:resource",
                    "resource": "hellsgate:pro/devil/contract/propose/tier_4_tier_cycle",
                    "comparison": "==",
                    "compare_to": 3
                },
                {
                    "type": "origins:resource",
                    "resource": "hellsgate:pro/devil/contract/authority/archfiend",
                    "comparison": "<=",
                    "compare_to": 42
                }
            ]
        },
        "type": "origins:active_self",
        "entity_action": {
            "type": "origins:execute_command",
            "command": "function hellsgate:contracts/propose/tier_3"
        },
        "cooldown": 60,
        "key": {
            "key": "key.origins.primary_active"
        }
    },
    "tier_2": {
        "condition": {
            "type": "origins:and",
            "conditions": [
                {
                    "inverted": true,
                    "type": "origins:sneaking"
                },
                {
                    "type": "origins:resource",
                    "resource": "hellsgate:pro/devil/contract/propose/tier_4_tier_cycle",
                    "comparison": "==",
                    "compare_to": 2
                },
                {
                    "type": "origins:resource",
                    "resource": "hellsgate:pro/devil/contract/authority/archfiend",
                    "comparison": "<=",
                    "compare_to": 43
                }
            ]
        },
        "type": "origins:active_self",
        "entity_action": {
            "type": "origins:execute_command",
            "command": "function hellsgate:contracts/propose/tier_2"
        },
        "cooldown": 60,
        "key": {
            "key": "key.origins.primary_active"
        }
    },
    "tier_1": {
        "condition": {
            "type": "origins:and",
            "conditions": [
                {
                    "inverted": true,
                    "type": "origins:sneaking"
                },
                {
                    "type": "origins:resource",
                    "resource": "hellsgate:pro/devil/contract/propose/tier_4_tier_cycle",
                    "comparison": "==",
                    "compare_to": 1
                },
                {
                    "type": "origins:resource",
                    "resource": "hellsgate:pro/devil/contract/authority/archfiend",
                    "comparison": "<=",
                    "compare_to": 44
                }
            ]
        },
        "type": "origins:active_self",
        "entity_action": {
            "type": "origins:execute_command",
            "command": "function hellsgate:contracts/propose/tier_1"
        },
        "cooldown": 60,
        "key": {
            "key": "key.origins.primary_active"
        }
    }
}