{
    "name": "Archfiend's Guide",
    "hidden": true,
    "type": "origins:action_on_callback",
    "execute_chosen_when_orb": true,
    "entity_action_added": {
        "type": "origins:execute_command",
        "command": "give @s written_book{pages:['[[\"How-To Guide For Contracting Souls.\\\\n\\\\n(Steps for getting willing souls not included)\\\\n\\\\nCovering everything from contracts to contracts, only $89.99\"]]','[[\"[ Authority ] -\\\\nAll devils have an limited amount of authority. This constricts the types of contracts you can give. Each tier of contract is an extra authority point. Once you reach your authority limit, you can no longer make deals. Make sure to budget.\"]]','[[\"[ Tier 1 ] -\\\\n1 Authority\\\\n- 10% extra health & armor\\\\n- Can\\\\\\'t kill devils\"]]','[[\"[ Tier 2 ] -\\\\n2 Authority\\\\n- 10% extra health & armor\\\\n- Deal 5% increased damage\\\\n- Can\\\\\\'t kill devils\"]]','[[\"[ Tier 3 ] -\\\\n3 Authority\\\\n- 15% extra health & armor\\\\n- Deal 10% increased damage\\\\n- Fire resistance\\\\n- Heat resistance\\\\n- Can\\\\\\'t kill devils\\\\n- Affected by smite\"]]','[[\"[ Tier 4 ] -\\\\n4 Authority\\\\n- 20% extra health & armor\\\\n- Deal 10% increased damage\\\\n- Fire resistance\\\\n- Heat resistance\\\\n- Night Vision\\\\n- Can\\\\\\'t kill devils\\\\n- Affected by smite\\\\n \"]]'],title:\"The Art of the Deal\",author:Mephistopheles,generation:3,Enchantments:[{lvl:1,id:vanishing_curse}]}"
    }
}