{
    "name": "Imp's Guide",
    "hidden": true,
    "type": "origins:action_on_callback",
    "execute_chosen_when_orb": true,
    "entity_action_added": {
        "type": "origins:execute_command",
        "command": "give @s written_book{pages:['[[\"How-To Guide For Contracting Souls.\\\\n\\\\n(Steps for getting willing souls not included)\\\\n\\\\nCovering everything from contracts to contracts, only $89.99\"]]','[[\"[ Tier 1 ] -\\\\n- 10% extra health & armor\\\\n- Can\\\\\\'t kill devils\"]]'],title:\"The Art of the Deal\",author:Mephistopheles,generation:3,Enchantments:[{lvl:1,id:vanishing_curse}]}"
    }
}