{
    "name": "Demon",
    "description": "One massacre is never enough.",
    "powers": [
        "hellsgate:pro/demon/strength/might",
        "hellsgate:pro/demon/armor/tainted",
        "hellsgate:pro/demon/buff/soulsnatch/demon",
        "hellsgate:pro/demon/soulsnatch",
        "hellsgate:pro/hell_forged",
        "hellsgate:pro/fiery_blood",
        "hellsgate:pro/demon/digestion",
        "hellsgate:pro/demon/speed/fervor",
        "hellsgate:pro/fiends_vision",
        "hellsgate:con/demon/gluttonous",
        "hellsgate:con/demon/carnivore",
        "hellsgate:con/corrupted",
        "hellsgate:pro/demon/buff/fury"
    ],
    "icon": {
        "item": "minecraft:diamond_sword"
    },
    "unchoosable": true,
    "impact": 3
}