{
    "name": "Primordial",
    "description": "One of the original demons, you were there when the first blood was shed.",
    "powers": [
        "hellsgate:pro/demon/strength/power",
        "hellsgate:pro/demon/armor/corrupted",
        "hellsgate:pro/demon/buff/soulsnatch/primordial",
        "hellsgate:pro/demon/soulsnatch",
        "hellsgate:pro/hell_forged",
        "hellsgate:pro/fiery_blood",
        "hellsgate:pro/demon/digestion",
        "hellsgate:pro/demon/speed/slaughter",
        "hellsgate:pro/fiends_vision",
        "hellsgate:con/demon/gluttonous",
        "hellsgate:con/demon/carnivore",
        "hellsgate:con/corrupted",
        "hellsgate:pro/demon/buff/wrath"
    ],
    "icon": {
        "item": "minecraft:netherite_sword"
    },
    "unchoosable": true,
    "impact": 3
}