{
    "name": "Rot",
    "description": "Your name refers not to your body, but to your soul.",
    "powers": [
        "hellsgate:pro/demon/strength/force",
        "hellsgate:pro/demon/armor/strengthened",
        "hellsgate:pro/demon/buff/soulsnatch/rot",
        "hellsgate:pro/demon/soulsnatch",
        "hellsgate:pro/hell_forged",
        "hellsgate:pro/fiery_blood",
        "hellsgate:pro/demon/digestion",
        "hellsgate:pro/demon/speed/enhanced",
        "hellsgate:con/demon/gluttonous",
        "hellsgate:con/demon/carnivore",
        "hellsgate:con/hydrophobic",
        "hellsgate:con/corrupted",
        "hellsgate:pro/demon/buff/rage",
        "hellsgate:mixed/matured"
    ],
    "icon": {
        "item": "minecraft:iron_sword"
    },
    "unchoosable": true,
    "impact": 3
}