{
    "name": "Scourge",
    "description": "You have stained your hands with blood, but they are not yet dyed.",
    "powers": [
        "hellsgate:pro/demon/strength/strength",
        "hellsgate:pro/demon/armor/hardened",
        "hellsgate:pro/demon/buff/soulsnatch/scourge",
        "hellsgate:pro/demon/soulsnatch",
        "hellsgate:pro/hell_forged",
        "hellsgate:pro/fiery_blood",
        "hellsgate:pro/demon/digestion",
        "hellsgate:con/demon/gluttonous",
        "hellsgate:con/demon/carnivore",
        "hellsgate:con/hydrophobic",
        "hellsgate:con/corrupted",
        "hellsgate:mixed/matured"
    ],
    "icon": {
        "item": "minecraft:stone_sword"
    },
    "unchoosable": true,
    "impact": 3
}