{
    "name": "Wretch",
    "description": "A weak demon that has yet to even get its first kill.",
    "powers": [
        "hellsgate:pro/demon/strength/vigor",
        "hellsgate:pro/demon/armor/weak",
        "hellsgate:pro/demon/buff/soulsnatch/wretch",
        "hellsgate:pro/demon/soulsnatch",
        "hellsgate:pro/hell_forged",
        "hellsgate:pro/fiery_blood",
        "hellsgate:con/demon/gluttonous",
        "hellsgate:con/demon/carnivore",
        "hellsgate:con/hydrophobic",
        "hellsgate:con/demon/sluggard",
        "hellsgate:con/corrupted",
        "hellsgate:mixed/matured"
    ],
    "icon": {
        "item": "minecraft:wooden_sword"
    },
    "unchoosable": true,
    "impact": 3
}