{
    "name": "Archfiend",
    "description": "A noble amongst devils. Your hardest challenge yet awaits. 15 more souls and a throne is yours.",
    "powers": [
        "hellsgate:pro/hell_forged",
        "hellsgate:pro/fiery_blood",
        "hellsgate:pro/devil/breach",
        "hellsgate:pro/fiends_vision",
        "hellsgate:pro/devil/contract/authority/archfiend",
        "hellsgate:pro/devil/soul_armor",
        "hellsgate:con/devil/cursed",
        "hellsgate:con/corrupted",
        "hellsgate:mixed/matured",
        "hellsgate:pro/devil/contract/system",
        "hellsgate:pro/devil/contract/revoke",
        "hellsgate:pro/devil/contract/propose/tier_4",
        "hellsgate:pro/devil/contract/propose/titles/tier_4",
        "hellsgate:pro/devil/rituals",
        "hellsgate:evolve/devil/archfiend",
        "hellsgate:pro/devil/contract/guide/archfiend"
    ],
    "icon": {
        "item": "minecraft:writable_book"
    },
    "unchoosable": true,
    "impact": 3
}