{
    "name": "Devil",
    "description": "On your path out of the office life, just four more souls and you'll be on your own.",
    "powers": [
        "hellsgate:pro/hell_forged",
        "hellsgate:pro/fiery_blood",
        "hellsgate:pro/devil/breach",
        "hellsgate:pro/devil/contract/authority/devil",
        "hellsgate:pro/devil/soul_armor",
        "hellsgate:con/devil/cursed",
        "hellsgate:con/hydrophobic",
        "hellsgate:con/devil/pencil_pusher",
        "hellsgate:con/corrupted",
        "hellsgate:mixed/matured",
        "hellsgate:pro/devil/contract/system",
        "hellsgate:pro/devil/contract/revoke",
        "hellsgate:pro/devil/contract/propose/tier_2",
        "hellsgate:pro/devil/contract/propose/titles/tier_2",
        "hellsgate:pro/devil/rituals",
        "hellsgate:evolve/devil/devil",
        "hellsgate:pro/devil/contract/guide/devil"
    ],
    "icon": {
        "item": "minecraft:feather"
    },
    "unchoosable": true,
    "impact": 3
}