{
    "name": "Greater Devil",
    "description": "Finally acting on your own. You have access to much greater contracts. Five more souls and you'll join the noble ranks.",
    "powers": [
        "hellsgate:pro/hell_forged",
        "hellsgate:pro/fiery_blood",
        "hellsgate:pro/devil/breach",
        "hellsgate:pro/devil/contract/authority/greater",
        "hellsgate:pro/devil/soul_armor",
        "hellsgate:con/devil/cursed",
        "hellsgate:con/hydrophobic",
        "hellsgate:con/corrupted",
        "hellsgate:mixed/matured",
        "hellsgate:pro/devil/contract/system",
        "hellsgate:pro/devil/contract/revoke",
        "hellsgate:pro/devil/contract/propose/tier_3",
        "hellsgate:pro/devil/contract/propose/titles/tier_3",
        "hellsgate:pro/devil/rituals",
        "hellsgate:evolve/devil/greater",
        "hellsgate:pro/devil/contract/guide/greater"
    ],
    "icon": {
        "item": "minecraft:book"
    },
    "unchoosable": true,
    "impact": 3
}