{
    "name": "Imp",
    "description": "A servant of greater powers. You have yet to make your first deal.",
    "powers": [
        "hellsgate:pro/hell_forged",
        "hellsgate:pro/fiery_blood",
        "hellsgate:pro/devil/breach",
        "hellsgate:con/devil/cursed",
        "hellsgate:con/hydrophobic",
        "hellsgate:con/devil/pencil_pusher",
        "hellsgate:con/corrupted",
        "hellsgate:mixed/matured",
        "hellsgate:pro/devil/contract/system",
        "hellsgate:pro/devil/contract/propose/tier_1",
        "hellsgate:evolve/devil/imp",
        "hellsgate:pro/devil/contract/guide/imp"
    ],
    "icon": {
        "item": "minecraft:ink_sac"
    },
    "unchoosable": true,
    "impact": 3
}