{
    "name": "Infernal Sovereign",
    "description": "Created at the dawn of creation, temptation, the snake in Eden, the reason for treason, beheading all Kings, sin with no rhyme or reason.",
    "powers": [
        "hellsgate:pro/hell_forged",
        "hellsgate:pro/fiery_blood",
        "hellsgate:pro/devil/breach",
        "hellsgate:pro/fiends_vision",
        "hellsgate:pro/devil/contract/authority/sovereign",
        "hellsgate:pro/devil/soul_armor",
        "hellsgate:con/devil/cursed",
        "hellsgate:con/corrupted",
        "hellsgate:mixed/matured",
        "hellsgate:pro/devil/contract/system",
        "hellsgate:pro/devil/contract/revoke",
        "hellsgate:pro/devil/contract/propose/tier_5",
        "hellsgate:pro/devil/contract/propose/titles/tier_5",
        "hellsgate:pro/devil/rituals",
        "hellsgate:pro/devil/contract/surge",
        "hellsgate:pro/devil/contract/guide/sovereign"
    ],
    "icon": {
        "item": "minecraft:written_book"
    },
    "unchoosable": true,
    "impact": 3
}