{
    "name": "Rage",
    "description": "You can intertwine the resentment of the souls you've killed into your own, granting you increased strengths.",
    "condition": {
        "type": "origins:resource",
        "resource": "hellsgate:pro/demon/buff/soulsnatch/rot",
        "comparison": ">=",
        "compare_to": 5
    },
    "type": "origins:active_self",
    "entity_action": {
        "type": "origins:and",
        "actions": [
            {
                "type": "origins:apply_effect",
                "effect": {
                    "effect": "strength",
                    "duration": 400,
                    "amplifier": 0,
                    "show_particles": true,
                    "show_icon": true
                },
                "effects": [
                    {
                        "effect": "haste",
                        "duration": 400,
                        "amplifier": 0,
                        "show_particles": true,
                        "show_icon": true
                    },
                    {
                        "effect": "speed",
                        "duration": 400,
                        "amplifier": 0,
                        "show_particles": true,
                        "show_icon": true
                    }
                ]
            },
            {
                "type": "origins:spawn_particles",
                "particle": "soul",
                "count": 11,
                "speed": 0.05,
                "spread": {
                    "x": 0.1,
                    "y": 0.05,
                    "z": 0.1
                }
            },
            {
                "type": "origins:modify_resource",
                "resource": "hellsgate:pro/demon/buff/soulsnatch/rot",
                "modifier": {
                    "operation": "addition",
                    "value": -5
                }
            },
            {
                "type": "origins:play_sound",
                "sound": "minecraft:entity.allay.death",
                "volume": 5,
                "pitch": 0
            }
        ]
    },
    "cooldown": 2400,
    "hud_render": {
        "should_render": true,
        "sprite_location": "origins:textures/gui/community/spiderkolo/resource_bar_02.png",
        "bar_index": 1
    },
    "key": {
        "key": "key.origins.primary_active"
    }
}